{"cameraMode":{"drawMode":0,"name":"Shaded","section":"Shading Mode"},"sceneLighting":true,"audioPlay":false,"sceneViewState":{"showFog":true,"showMaterialUpdate":true,"showSkybox":true,"showFlares":true,"showImageEffects":true,"showParticleSystems":true},"in2DMode":false,"pivot":{"x":46.91278076171875,"y":121.83096313476563,"z":-41.17242431640625},"rotation":{"x":0.3034096956253052,"y":-0.027151741087436677,"z":0.008649536408483982,"w":0.9524349570274353},"size":111.76862335205078,"orthographic":false}